combination_id,candidate_id,backbone_id,rf2_pae,design_rf2_rmsd,pae_norm,rmsd_norm,h1_sequence,h3_sequence,full_sequence
campaign_C_A_plus_pocket_rim_HBGA_adjacent_H113_H311,campaign_C_A_plus_pocket_rim_HBGA_adjacent_H113_H311_bb022_s01,campaign_C_A_plus_pocket_rim_HBGA_adjacent_H113_H311_bb022,8.42,1.13,0.842,0.565,SVDSSVASKVRYW,AVTDSGQVYEG,QVQLQESGGGLVQPGGSLRLSCSVDSSVASKVRYWGWYRQAPEKQRELVAGGGGGGGGGYADSVKGRFTISRDNAKRTVYLQMNDLKPEDAAVYYCNAVTDSGQVYEGQGTQVTVSSHHHHHH
campaign_B_A_plus_D_rim_bridge_H112_H310,campaign_B_A_plus_D_rim_bridge_H112_H310_bb055_s01,campaign_B_A_plus_D_rim_bridge_H112_H310_bb055,8.75,1.42,0.875,0.71,SAETSDAINADW,VTVNGVLYTG,QVQLQESGGGLVQPGGSLRLSCSAETSDAINADWGWYRQAPEKQRELVAGGGGGGGGGYADSVKGRFTISRDNAKRTVYLQMNDLKPEDAAVYYCNVTVNGVLYTGQGTQVTVSSHHHHHH
campaign_B_A_plus_D_rim_bridge_H112_H310,campaign_B_A_plus_D_rim_bridge_H112_H310_bb066_s01,campaign_B_A_plus_D_rim_bridge_H112_H310_bb066,7.13,1.44,0.713,0.72,SGPTELMENGLW,ATVDNEHYEG,QVQLQESGGGLVQPGGSLRLSCSGPTELMENGLWGWYRQAPEKQRELVAGGGGGGGGGYADSVKGRFTISRDNAKRTVYLQMNDLKPEDAAVYYCNATVDNEHYEGQGTQVTVSSHHHHHH
campaign_C_A_plus_pocket_rim_HBGA_adjacent_H113_H311,campaign_C_A_plus_pocket_rim_HBGA_adjacent_H113_H311_bb012_s02,campaign_C_A_plus_pocket_rim_HBGA_adjacent_H113_H311_bb012,6.42,1.46,0.642,0.73,SVEDSVASQVVSW,VVLSTGQQVEG,QVQLQESGGGLVQPGGSLRLSCSVEDSVASQVVSWGWYRQAPEKQRELVAGGGGGGGGGYADSVKGRFTISRDNAKRTVYLQMNDLKPEDAAVYYCNVVLSTGQQVEGQGTQVTVSSHHHHHH
campaign_C_A_plus_pocket_rim_HBGA_adjacent_H113_H311,campaign_C_A_plus_pocket_rim_HBGA_adjacent_H113_H311_bb049_s02,campaign_C_A_plus_pocket_rim_HBGA_adjacent_H113_H311_bb049,6.35,1.5,0.635,0.75,STNRTDVAEGGSW,AVDNAMNVYEG,QVQLQESGGGLVQPGGSLRLSCSTNRTDVAEGGSWGWYRQAPEKQRELVAGGGGGGGGGYADSVKGRFTISRDNAKRTVYLQMNDLKPEDAAVYYCNAVDNAMNVYEGQGTQVTVSSHHHHHH
campaign_C_A_plus_pocket_rim_HBGA_adjacent_H113_H311,campaign_C_A_plus_pocket_rim_HBGA_adjacent_H113_H311_bb144_s02,campaign_C_A_plus_pocket_rim_HBGA_adjacent_H113_H311_bb144,7.88,1.52,0.788,0.76,STTDNTFASFTNV,VEDASGKTYWG,QVQLQESGGGLVQPGGSLRLSCSTTDNTFASFTNVGWYRQAPEKQRELVAGGGGGGGGGYADSVKGRFTISRDNAKRTVYLQMNDLKPEDAAVYYCNVEDASGKTYWGQGTQVTVSSHHHHHH
campaign_B_A_plus_D_rim_bridge_H112_H310,campaign_B_A_plus_D_rim_bridge_H112_H310_bb008_s01,campaign_B_A_plus_D_rim_bridge_H112_H310_bb008,6.51,1.53,0.651,0.765,SIDTSRFATAVW,MSDSNTTYWG,QVQLQESGGGLVQPGGSLRLSCSIDTSRFATAVWGWYRQAPEKQRELVAGGGGGGGGGYADSVKGRFTISRDNAKRTVYLQMNDLKPEDAAVYYCNMSDSNTTYWGQGTQVTVSSHHHHHH
campaign_B_A_plus_D_rim_bridge_H112_H310,campaign_B_A_plus_D_rim_bridge_H112_H310_bb065_s01,campaign_B_A_plus_D_rim_bridge_H112_H310_bb065,6.69,1.53,0.669,0.765,SGDTEELASATW,ALINGKTYTG,QVQLQESGGGLVQPGGSLRLSCSGDTEELASATWGWYRQAPEKQRELVAGGGGGGGGGYADSVKGRFTISRDNAKRTVYLQMNDLKPEDAAVYYCNALINGKTYTGQGTQVTVSSHHHHHH
campaign_C_A_plus_pocket_rim_HBGA_adjacent_H113_H311,campaign_C_A_plus_pocket_rim_HBGA_adjacent_H113_H311_bb033_s02,campaign_C_A_plus_pocket_rim_HBGA_adjacent_H113_H311_bb033,8.86,1.58,0.886,0.79,SSLNKSLADFATV,VTSKDGLTYSG,QVQLQESGGGLVQPGGSLRLSCSSLNKSLADFATVGWYRQAPEKQRELVAGGGGGGGGGYADSVKGRFTISRDNAKRTVYLQMNDLKPEDAAVYYCNVTSKDGLTYSGQGTQVTVSSHHHHHH
campaign_B_A_plus_D_rim_bridge_H112_H310,campaign_B_A_plus_D_rim_bridge_H112_H310_bb104_s01,campaign_B_A_plus_D_rim_bridge_H112_H310_bb104,7.57,1.59,0.757,0.795,SAEGKVLEGATV,VTANGQLYTG,QVQLQESGGGLVQPGGSLRLSCSAEGKVLEGATVGWYRQAPEKQRELVAGGGGGGGGGYADSVKGRFTISRDNAKRTVYLQMNDLKPEDAAVYYCNVTANGQLYTGQGTQVTVSSHHHHHH
campaign_B_A_plus_D_rim_bridge_H112_H310,campaign_B_A_plus_D_rim_bridge_H112_H310_bb106_s01,campaign_B_A_plus_D_rim_bridge_H112_H310_bb106,9.27,1.59,0.927,0.795,SSSASAFISSNW,VVVGGTVYEG,QVQLQESGGGLVQPGGSLRLSCSSSASAFISSNWGWYRQAPEKQRELVAGGGGGGGGGYADSVKGRFTISRDNAKRTVYLQMNDLKPEDAAVYYCNVVVGGTVYEGQGTQVTVSSHHHHHH
campaign_B_A_plus_D_rim_bridge_H112_H310,campaign_B_A_plus_D_rim_bridge_H112_H310_bb140_s02,campaign_B_A_plus_D_rim_bridge_H112_H310_bb140,7.41,1.6,0.741,0.8,SSSQDVIDNSDW,VFANGKLYEG,QVQLQESGGGLVQPGGSLRLSCSSSQDVIDNSDWGWYRQAPEKQRELVAGGGGGGGGGYADSVKGRFTISRDNAKRTVYLQMNDLKPEDAAVYYCNVFANGKLYEGQGTQVTVSSHHHHHH
campaign_C_A_plus_pocket_rim_HBGA_adjacent_H113_H311,campaign_C_A_plus_pocket_rim_HBGA_adjacent_H113_H311_bb062_s02,campaign_C_A_plus_pocket_rim_HBGA_adjacent_H113_H311_bb062,9.14,1.6,0.914,0.8,SSNISDPSRIRSW,AIDDSALQYEG,QVQLQESGGGLVQPGGSLRLSCSSNISDPSRIRSWGWYRQAPEKQRELVAGGGGGGGGGYADSVKGRFTISRDNAKRTVYLQMNDLKPEDAAVYYCNAIDDSALQYEGQGTQVTVSSHHHHHH
campaign_C_A_plus_pocket_rim_HBGA_adjacent_H113_H311,campaign_C_A_plus_pocket_rim_HBGA_adjacent_H113_H311_bb056_s01,campaign_C_A_plus_pocket_rim_HBGA_adjacent_H113_H311_bb056,8.21,1.61,0.821,0.805,SSDVSFETEIISF,AVSRTGQRYEG,QVQLQESGGGLVQPGGSLRLSCSSDVSFETEIISFGWYRQAPEKQRELVAGGGGGGGGGYADSVKGRFTISRDNAKRTVYLQMNDLKPEDAAVYYCNAVSRTGQRYEGQGTQVTVSSHHHHHH
campaign_C_A_plus_pocket_rim_HBGA_adjacent_H113_H311,campaign_C_A_plus_pocket_rim_HBGA_adjacent_H113_H311_bb110_s02,campaign_C_A_plus_pocket_rim_HBGA_adjacent_H113_H311_bb110,8.68,1.61,0.868,0.805,STDRADVADGGSW,AVSSSGNQYEG,QVQLQESGGGLVQPGGSLRLSCSTDRADVADGGSWGWYRQAPEKQRELVAGGGGGGGGGYADSVKGRFTISRDNAKRTVYLQMNDLKPEDAAVYYCNAVSSSGNQYEGQGTQVTVSSHHHHHH
campaign_B_A_plus_D_rim_bridge_H112_H310,campaign_B_A_plus_D_rim_bridge_H112_H310_bb018_s02,campaign_B_A_plus_D_rim_bridge_H112_H310_bb018,8.1,1.62,0.81,0.81,SVDTSLLEGSVW,VSSNNQNYEG,QVQLQESGGGLVQPGGSLRLSCSVDTSLLEGSVWGWYRQAPEKQRELVAGGGGGGGGGYADSVKGRFTISRDNAKRTVYLQMNDLKPEDAAVYYCNVSSNNQNYEGQGTQVTVSSHHHHHH
campaign_C_A_plus_pocket_rim_HBGA_adjacent_H113_H311,campaign_C_A_plus_pocket_rim_HBGA_adjacent_H113_H311_bb018_s01,campaign_C_A_plus_pocket_rim_HBGA_adjacent_H113_H311_bb018,8.26,1.63,0.826,0.815,STDRADVANGGSW,AVDRAGNQYEG,QVQLQESGGGLVQPGGSLRLSCSTDRADVANGGSWGWYRQAPEKQRELVAGGGGGGGGGYADSVKGRFTISRDNAKRTVYLQMNDLKPEDAAVYYCNAVDRAGNQYEGQGTQVTVSSHHHHHH
campaign_C_A_plus_pocket_rim_HBGA_adjacent_H113_H311,campaign_C_A_plus_pocket_rim_HBGA_adjacent_H113_H311_bb062_s01,campaign_C_A_plus_pocket_rim_HBGA_adjacent_H113_H311_bb062,9.04,1.66,0.904,0.83,SSNISDPSRIVSW,IIDDSAVRYEG,QVQLQESGGGLVQPGGSLRLSCSSNISDPSRIVSWGWYRQAPEKQRELVAGGGGGGGGGYADSVKGRFTISRDNAKRTVYLQMNDLKPEDAAVYYCNIIDDSAVRYEGQGTQVTVSSHHHHHH
campaign_C_A_plus_pocket_rim_HBGA_adjacent_H113_H311,campaign_C_A_plus_pocket_rim_HBGA_adjacent_H113_H311_bb064_s01,campaign_C_A_plus_pocket_rim_HBGA_adjacent_H113_H311_bb064,6.7,1.71,0.67,0.855,SIPSSVASQVRYW,AITDTGQQYEG,QVQLQESGGGLVQPGGSLRLSCSIPSSVASQVRYWGWYRQAPEKQRELVAGGGGGGGGGYADSVKGRFTISRDNAKRTVYLQMNDLKPEDAAVYYCNAITDTGQQYEGQGTQVTVSSHHHHHH
campaign_C_A_plus_pocket_rim_HBGA_adjacent_H113_H311,campaign_C_A_plus_pocket_rim_HBGA_adjacent_H113_H311_bb095_s02,campaign_C_A_plus_pocket_rim_HBGA_adjacent_H113_H311_bb095,6.98,1.73,0.698,0.865,STDKQDVMDKGTW,AVTENGTVYEG,QVQLQESGGGLVQPGGSLRLSCSTDKQDVMDKGTWGWYRQAPEKQRELVAGGGGGGGGGYADSVKGRFTISRDNAKRTVYLQMNDLKPEDAAVYYCNAVTENGTVYEGQGTQVTVSSHHHHHH
campaign_B_A_plus_D_rim_bridge_H112_H310,campaign_B_A_plus_D_rim_bridge_H112_H310_bb086_s02,campaign_B_A_plus_D_rim_bridge_H112_H310_bb086,7.17,1.74,0.717,0.87,SSSASAIDGGTW,ALVGGTLYEG,QVQLQESGGGLVQPGGSLRLSCSSSASAIDGGTWGWYRQAPEKQRELVAGGGGGGGGGYADSVKGRFTISRDNAKRTVYLQMNDLKPEDAAVYYCNALVGGTLYEGQGTQVTVSSHHHHHH
campaign_C_A_plus_pocket_rim_HBGA_adjacent_H113_H311,campaign_C_A_plus_pocket_rim_HBGA_adjacent_H113_H311_bb030_s02,campaign_C_A_plus_pocket_rim_HBGA_adjacent_H113_H311_bb030,6.57,1.74,0.657,0.87,SGDASAFASGASW,VVDTAGNQYTG,QVQLQESGGGLVQPGGSLRLSCSGDASAFASGASWGWYRQAPEKQRELVAGGGGGGGGGYADSVKGRFTISRDNAKRTVYLQMNDLKPEDAAVYYCNVVDTAGNQYTGQGTQVTVSSHHHHHH
campaign_C_A_plus_pocket_rim_HBGA_adjacent_H113_H311,campaign_C_A_plus_pocket_rim_HBGA_adjacent_H113_H311_bb036_s02,campaign_C_A_plus_pocket_rim_HBGA_adjacent_H113_H311_bb036,8.75,1.76,0.875,0.88,STNDAAVADGGSW,AVDPGMNVHEG,QVQLQESGGGLVQPGGSLRLSCSTNDAAVADGGSWGWYRQAPEKQRELVAGGGGGGGGGYADSVKGRFTISRDNAKRTVYLQMNDLKPEDAAVYYCNAVDPGMNVHEGQGTQVTVSSHHHHHH
campaign_C_A_plus_pocket_rim_HBGA_adjacent_H113_H311,campaign_C_A_plus_pocket_rim_HBGA_adjacent_H113_H311_bb063_s02,campaign_C_A_plus_pocket_rim_HBGA_adjacent_H113_H311_bb063,7.6,1.83,0.76,0.915,SSNTNLIANTNEW,AVSENGEIHEG,QVQLQESGGGLVQPGGSLRLSCSSNTNLIANTNEWGWYRQAPEKQRELVAGGGGGGGGGYADSVKGRFTISRDNAKRTVYLQMNDLKPEDAAVYYCNAVSENGEIHEGQGTQVTVSSHHHHHH
campaign_B_A_plus_D_rim_bridge_H112_H310,campaign_B_A_plus_D_rim_bridge_H112_H310_bb046_s01,campaign_B_A_plus_D_rim_bridge_H112_H310_bb046,6.2,1.86,0.62,0.93,SGNTSDLAGASW,AVINGTTYTG,QVQLQESGGGLVQPGGSLRLSCSGNTSDLAGASWGWYRQAPEKQRELVAGGGGGGGGGYADSVKGRFTISRDNAKRTVYLQMNDLKPEDAAVYYCNAVINGTTYTGQGTQVTVSSHHHHHH